timeStamp,elapsed,label,responseCode,responseMessage,threadName,dataType,success,failureMessage,bytes,sentBytes,grpThreads,allThreads,URL,Latency,IdleTime,Connect
1698973687077,1,HTTP Request,Non HTTP response code: org.apache.http.conn.HttpHostConnectException,Non HTTP response message: Connect to 127.0.0.1:5000 [/127.0.0.1] failed: Connection refused (Connection refused),Thread Group 1-1,text,false,,2637,0,1,1,http://127.0.0.1:5000/get_anime/1,0,0,1
1698973687082,0,HTTP Request,Non HTTP response code: org.apache.http.conn.HttpHostConnectException,Non HTTP response message: Connect to 127.0.0.1:5000 [/127.0.0.1] failed: Connection refused (Connection refused),Thread Group 1-2,text,false,,2637,0,1,1,http://127.0.0.1:5000/get_anime/1,0,0,0
1698973687093,0,HTTP Request,Non HTTP response code: org.apache.http.conn.HttpHostConnectException,Non HTTP response message: Connect to 127.0.0.1:5000 [/127.0.0.1] failed: Connection refused (Connection refused),Thread Group 1-3,text,false,,2637,0,1,1,http://127.0.0.1:5000/get_anime/1,0,0,0
1698973687105,0,HTTP Request,Non HTTP response code: org.apache.http.conn.HttpHostConnectException,Non HTTP response message: Connect to 127.0.0.1:5000 [/127.0.0.1] failed: Connection refused (Connection refused),Thread Group 1-4,text,false,,2637,0,1,1,http://127.0.0.1:5000/get_anime/1,0,0,0
1698973687114,1,HTTP Request,Non HTTP response code: org.apache.http.conn.HttpHostConnectException,Non HTTP response message: Connect to 127.0.0.1:5000 [/127.0.0.1] failed: Connection refused (Connection refused),Thread Group 1-5,text,false,,2637,0,1,1,http://127.0.0.1:5000/get_anime/1,0,0,1
1698973687124,1,HTTP Request,Non HTTP response code: org.apache.http.conn.HttpHostConnectException,Non HTTP response message: Connect to 127.0.0.1:5000 [/127.0.0.1] failed: Connection refused (Connection refused),Thread Group 1-6,text,false,,2637,0,1,1,http://127.0.0.1:5000/get_anime/1,0,0,1
1698973687132,1,HTTP Request,Non HTTP response code: org.apache.http.conn.HttpHostConnectException,Non HTTP response message: Connect to 127.0.0.1:5000 [/127.0.0.1] failed: Connection refused (Connection refused),Thread Group 1-7,text,false,,2637,0,1,1,http://127.0.0.1:5000/get_anime/1,0,0,1
1698973687142,0,HTTP Request,Non HTTP response code: org.apache.http.conn.HttpHostConnectException,Non HTTP response message: Connect to 127.0.0.1:5000 [/127.0.0.1] failed: Connection refused (Connection refused),Thread Group 1-8,text,false,,2637,0,1,1,http://127.0.0.1:5000/get_anime/1,0,0,0
1698973687152,0,HTTP Request,Non HTTP response code: org.apache.http.conn.HttpHostConnectException,Non HTTP response message: Connect to 127.0.0.1:5000 [/127.0.0.1] failed: Connection refused (Connection refused),Thread Group 1-9,text,false,,2637,0,1,1,http://127.0.0.1:5000/get_anime/1,0,0,0
1698973687162,1,HTTP Request,Non HTTP response code: org.apache.http.conn.HttpHostConnectException,Non HTTP response message: Connect to 127.0.0.1:5000 [/127.0.0.1] failed: Connection refused (Connection refused),Thread Group 1-10,text,false,,2637,0,1,1,http://127.0.0.1:5000/get_anime/1,0,0,1
1698973687172,1,HTTP Request,Non HTTP response code: org.apache.http.conn.HttpHostConnectException,Non HTTP response message: Connect to 127.0.0.1:5000 [/127.0.0.1] failed: Connection refused (Connection refused),Thread Group 1-11,text,false,,2637,0,1,1,http://127.0.0.1:5000/get_anime/1,0,0,1
1698973687181,1,HTTP Request,Non HTTP response code: org.apache.http.conn.HttpHostConnectException,Non HTTP response message: Connect to 127.0.0.1:5000 [/127.0.0.1] failed: Connection refused (Connection refused),Thread Group 1-12,text,false,,2637,0,1,1,http://127.0.0.1:5000/get_anime/1,0,0,1
1698973687192,0,HTTP Request,Non HTTP response code: org.apache.http.conn.HttpHostConnectException,Non HTTP response message: Connect to 127.0.0.1:5000 [/127.0.0.1] failed: Connection refused (Connection refused),Thread Group 1-13,text,false,,2637,0,1,1,http://127.0.0.1:5000/get_anime/1,0,0,0
1698973687202,0,HTTP Request,Non HTTP response code: org.apache.http.conn.HttpHostConnectException,Non HTTP response message: Connect to 127.0.0.1:5000 [/127.0.0.1] failed: Connection refused (Connection refused),Thread Group 1-14,text,false,,2637,0,1,1,http://127.0.0.1:5000/get_anime/1,0,0,0
1698973687211,1,HTTP Request,Non HTTP response code: org.apache.http.conn.HttpHostConnectException,Non HTTP response message: Connect to 127.0.0.1:5000 [/127.0.0.1] failed: Connection refused (Connection refused),Thread Group 1-15,text,false,,2637,0,1,1,http://127.0.0.1:5000/get_anime/1,0,0,1
1698973687221,1,HTTP Request,Non HTTP response code: org.apache.http.conn.HttpHostConnectException,Non HTTP response message: Connect to 127.0.0.1:5000 [/127.0.0.1] failed: Connection refused (Connection refused),Thread Group 1-16,text,false,,2637,0,1,1,http://127.0.0.1:5000/get_anime/1,0,0,1
1698973687232,1,HTTP Request,Non HTTP response code: org.apache.http.conn.HttpHostConnectException,Non HTTP response message: Connect to 127.0.0.1:5000 [/127.0.0.1] failed: Connection refused (Connection refused),Thread Group 1-17,text,false,,2637,0,1,1,http://127.0.0.1:5000/get_anime/1,0,0,1
1698973687243,0,HTTP Request,Non HTTP response code: org.apache.http.conn.HttpHostConnectException,Non HTTP response message: Connect to 127.0.0.1:5000 [/127.0.0.1] failed: Connection refused (Connection refused),Thread Group 1-18,text,false,,2637,0,1,1,http://127.0.0.1:5000/get_anime/1,0,0,0
1698973687252,0,HTTP Request,Non HTTP response code: org.apache.http.conn.HttpHostConnectException,Non HTTP response message: Connect to 127.0.0.1:5000 [/127.0.0.1] failed: Connection refused (Connection refused),Thread Group 1-19,text,false,,2637,0,1,1,http://127.0.0.1:5000/get_anime/1,0,0,0
1698973687262,1,HTTP Request,Non HTTP response code: org.apache.http.conn.HttpHostConnectException,Non HTTP response message: Connect to 127.0.0.1:5000 [/127.0.0.1] failed: Connection refused (Connection refused),Thread Group 1-20,text,false,,2637,0,1,1,http://127.0.0.1:5000/get_anime/1,0,0,1
1698973687273,1,HTTP Request,Non HTTP response code: org.apache.http.conn.HttpHostConnectException,Non HTTP response message: Connect to 127.0.0.1:5000 [/127.0.0.1] failed: Connection refused (Connection refused),Thread Group 1-21,text,false,,2637,0,1,1,http://127.0.0.1:5000/get_anime/1,0,0,1
1698973687282,1,HTTP Request,Non HTTP response code: org.apache.http.conn.HttpHostConnectException,Non HTTP response message: Connect to 127.0.0.1:5000 [/127.0.0.1] failed: Connection refused (Connection refused),Thread Group 1-22,text,false,,2637,0,1,1,http://127.0.0.1:5000/get_anime/1,0,0,1
1698973687292,0,HTTP Request,Non HTTP response code: org.apache.http.conn.HttpHostConnectException,Non HTTP response message: Connect to 127.0.0.1:5000 [/127.0.0.1] failed: Connection refused (Connection refused),Thread Group 1-23,text,false,,2637,0,1,1,http://127.0.0.1:5000/get_anime/1,0,0,0
1698973687302,1,HTTP Request,Non HTTP response code: org.apache.http.conn.HttpHostConnectException,Non HTTP response message: Connect to 127.0.0.1:5000 [/127.0.0.1] failed: Connection refused (Connection refused),Thread Group 1-24,text,false,,2637,0,1,1,http://127.0.0.1:5000/get_anime/1,0,0,1
1698973687312,0,HTTP Request,Non HTTP response code: org.apache.http.conn.HttpHostConnectException,Non HTTP response message: Connect to 127.0.0.1:5000 [/127.0.0.1] failed: Connection refused (Connection refused),Thread Group 1-25,text,false,,2637,0,1,1,http://127.0.0.1:5000/get_anime/1,0,0,0
1698973687321,1,HTTP Request,Non HTTP response code: org.apache.http.conn.HttpHostConnectException,Non HTTP response message: Connect to 127.0.0.1:5000 [/127.0.0.1] failed: Connection refused (Connection refused),Thread Group 1-26,text,false,,2637,0,1,1,http://127.0.0.1:5000/get_anime/1,0,0,1
1698973687331,1,HTTP Request,Non HTTP response code: org.apache.http.conn.HttpHostConnectException,Non HTTP response message: Connect to 127.0.0.1:5000 [/127.0.0.1] failed: Connection refused (Connection refused),Thread Group 1-27,text,false,,2637,0,1,1,http://127.0.0.1:5000/get_anime/1,0,0,1
1698973687341,0,HTTP Request,Non HTTP response code: org.apache.http.conn.HttpHostConnectException,Non HTTP response message: Connect to 127.0.0.1:5000 [/127.0.0.1] failed: Connection refused (Connection refused),Thread Group 1-28,text,false,,2637,0,1,1,http://127.0.0.1:5000/get_anime/1,0,0,0
1698973687352,0,HTTP Request,Non HTTP response code: org.apache.http.conn.HttpHostConnectException,Non HTTP response message: Connect to 127.0.0.1:5000 [/127.0.0.1] failed: Connection refused (Connection refused),Thread Group 1-29,text,false,,2637,0,1,1,http://127.0.0.1:5000/get_anime/1,0,0,0
1698973687361,1,HTTP Request,Non HTTP response code: org.apache.http.conn.HttpHostConnectException,Non HTTP response message: Connect to 127.0.0.1:5000 [/127.0.0.1] failed: Connection refused (Connection refused),Thread Group 1-30,text,false,,2637,0,1,1,http://127.0.0.1:5000/get_anime/1,0,0,1
1698973687371,2,HTTP Request,Non HTTP response code: org.apache.http.conn.HttpHostConnectException,Non HTTP response message: Connect to 127.0.0.1:5000 [/127.0.0.1] failed: Connection refused (Connection refused),Thread Group 1-31,text,false,,2637,0,1,1,http://127.0.0.1:5000/get_anime/1,0,0,1
1698973687381,1,HTTP Request,Non HTTP response code: org.apache.http.conn.HttpHostConnectException,Non HTTP response message: Connect to 127.0.0.1:5000 [/127.0.0.1] failed: Connection refused (Connection refused),Thread Group 1-32,text,false,,2637,0,1,1,http://127.0.0.1:5000/get_anime/1,0,0,1
1698973687392,0,HTTP Request,Non HTTP response code: org.apache.http.conn.HttpHostConnectException,Non HTTP response message: Connect to 127.0.0.1:5000 [/127.0.0.1] failed: Connection refused (Connection refused),Thread Group 1-33,text,false,,2637,0,1,1,http://127.0.0.1:5000/get_anime/1,0,0,0
1698973687402,0,HTTP Request,Non HTTP response code: org.apache.http.conn.HttpHostConnectException,Non HTTP response message: Connect to 127.0.0.1:5000 [/127.0.0.1] failed: Connection refused (Connection refused),Thread Group 1-34,text,false,,2637,0,1,1,http://127.0.0.1:5000/get_anime/1,0,0,0
1698973687412,1,HTTP Request,Non HTTP response code: org.apache.http.conn.HttpHostConnectException,Non HTTP response message: Connect to 127.0.0.1:5000 [/127.0.0.1] failed: Connection refused (Connection refused),Thread Group 1-35,text,false,,2637,0,1,1,http://127.0.0.1:5000/get_anime/1,0,0,1
1698973687422,1,HTTP Request,Non HTTP response code: org.apache.http.conn.HttpHostConnectException,Non HTTP response message: Connect to 127.0.0.1:5000 [/127.0.0.1] failed: Connection refused (Connection refused),Thread Group 1-36,text,false,,2637,0,1,1,http://127.0.0.1:5000/get_anime/1,0,0,1
1698973687432,1,HTTP Request,Non HTTP response code: org.apache.http.conn.HttpHostConnectException,Non HTTP response message: Connect to 127.0.0.1:5000 [/127.0.0.1] failed: Connection refused (Connection refused),Thread Group 1-37,text,false,,2637,0,1,1,http://127.0.0.1:5000/get_anime/1,0,0,1
1698973687441,0,HTTP Request,Non HTTP response code: org.apache.http.conn.HttpHostConnectException,Non HTTP response message: Connect to 127.0.0.1:5000 [/127.0.0.1] failed: Connection refused (Connection refused),Thread Group 1-38,text,false,,2637,0,1,1,http://127.0.0.1:5000/get_anime/1,0,0,0
1698973687453,0,HTTP Request,Non HTTP response code: org.apache.http.conn.HttpHostConnectException,Non HTTP response message: Connect to 127.0.0.1:5000 [/127.0.0.1] failed: Connection refused (Connection refused),Thread Group 1-39,text,false,,2637,0,1,1,http://127.0.0.1:5000/get_anime/1,0,0,0
1698973687462,0,HTTP Request,Non HTTP response code: org.apache.http.conn.HttpHostConnectException,Non HTTP response message: Connect to 127.0.0.1:5000 [/127.0.0.1] failed: Connection refused (Connection refused),Thread Group 1-40,text,false,,2637,0,1,1,http://127.0.0.1:5000/get_anime/1,0,0,0
1698973687471,1,HTTP Request,Non HTTP response code: org.apache.http.conn.HttpHostConnectException,Non HTTP response message: Connect to 127.0.0.1:5000 [/127.0.0.1] failed: Connection refused (Connection refused),Thread Group 1-41,text,false,,2637,0,1,1,http://127.0.0.1:5000/get_anime/1,0,0,1
1698973687483,0,HTTP Request,Non HTTP response code: org.apache.http.conn.HttpHostConnectException,Non HTTP response message: Connect to 127.0.0.1:5000 [/127.0.0.1] failed: Connection refused (Connection refused),Thread Group 1-42,text,false,,2637,0,1,1,http://127.0.0.1:5000/get_anime/1,0,0,0
1698973687493,0,HTTP Request,Non HTTP response code: org.apache.http.conn.HttpHostConnectException,Non HTTP response message: Connect to 127.0.0.1:5000 [/127.0.0.1] failed: Connection refused (Connection refused),Thread Group 1-43,text,false,,2637,0,1,1,http://127.0.0.1:5000/get_anime/1,0,0,0
1698973687502,1,HTTP Request,Non HTTP response code: org.apache.http.conn.HttpHostConnectException,Non HTTP response message: Connect to 127.0.0.1:5000 [/127.0.0.1] failed: Connection refused (Connection refused),Thread Group 1-44,text,false,,2637,0,1,1,http://127.0.0.1:5000/get_anime/1,0,0,0
1698973687512,1,HTTP Request,Non HTTP response code: org.apache.http.conn.HttpHostConnectException,Non HTTP response message: Connect to 127.0.0.1:5000 [/127.0.0.1] failed: Connection refused (Connection refused),Thread Group 1-45,text,false,,2637,0,1,1,http://127.0.0.1:5000/get_anime/1,0,0,1
1698973687523,0,HTTP Request,Non HTTP response code: org.apache.http.conn.HttpHostConnectException,Non HTTP response message: Connect to 127.0.0.1:5000 [/127.0.0.1] failed: Connection refused (Connection refused),Thread Group 1-46,text,false,,2637,0,1,1,http://127.0.0.1:5000/get_anime/1,0,0,0
1698973687531,1,HTTP Request,Non HTTP response code: org.apache.http.conn.HttpHostConnectException,Non HTTP response message: Connect to 127.0.0.1:5000 [/127.0.0.1] failed: Connection refused (Connection refused),Thread Group 1-47,text,false,,2637,0,1,1,http://127.0.0.1:5000/get_anime/1,0,0,1
1698973687541,1,HTTP Request,Non HTTP response code: org.apache.http.conn.HttpHostConnectException,Non HTTP response message: Connect to 127.0.0.1:5000 [/127.0.0.1] failed: Connection refused (Connection refused),Thread Group 1-48,text,false,,2637,0,1,1,http://127.0.0.1:5000/get_anime/1,0,0,1
1698973687552,0,HTTP Request,Non HTTP response code: org.apache.http.conn.HttpHostConnectException,Non HTTP response message: Connect to 127.0.0.1:5000 [/127.0.0.1] failed: Connection refused (Connection refused),Thread Group 1-49,text,false,,2637,0,1,1,http://127.0.0.1:5000/get_anime/1,0,0,0
1698973687561,1,HTTP Request,Non HTTP response code: org.apache.http.conn.HttpHostConnectException,Non HTTP response message: Connect to 127.0.0.1:5000 [/127.0.0.1] failed: Connection refused (Connection refused),Thread Group 1-50,text,false,,2637,0,1,1,http://127.0.0.1:5000/get_anime/1,0,0,1
1698973687571,1,HTTP Request,Non HTTP response code: org.apache.http.conn.HttpHostConnectException,Non HTTP response message: Connect to 127.0.0.1:5000 [/127.0.0.1] failed: Connection refused (Connection refused),Thread Group 1-51,text,false,,2637,0,1,1,http://127.0.0.1:5000/get_anime/1,0,0,1
1698973687582,1,HTTP Request,Non HTTP response code: org.apache.http.conn.HttpHostConnectException,Non HTTP response message: Connect to 127.0.0.1:5000 [/127.0.0.1] failed: Connection refused (Connection refused),Thread Group 1-52,text,false,,2637,0,1,1,http://127.0.0.1:5000/get_anime/1,0,0,1
1698973687593,1,HTTP Request,Non HTTP response code: org.apache.http.conn.HttpHostConnectException,Non HTTP response message: Connect to 127.0.0.1:5000 [/127.0.0.1] failed: Connection refused (Connection refused),Thread Group 1-53,text,false,,2637,0,1,1,http://127.0.0.1:5000/get_anime/1,0,0,1
1698973687602,0,HTTP Request,Non HTTP response code: org.apache.http.conn.HttpHostConnectException,Non HTTP response message: Connect to 127.0.0.1:5000 [/127.0.0.1] failed: Connection refused (Connection refused),Thread Group 1-54,text,false,,2637,0,1,1,http://127.0.0.1:5000/get_anime/1,0,0,0
1698973687612,1,HTTP Request,Non HTTP response code: org.apache.http.conn.HttpHostConnectException,Non HTTP response message: Connect to 127.0.0.1:5000 [/127.0.0.1] failed: Connection refused (Connection refused),Thread Group 1-55,text,false,,2637,0,1,1,http://127.0.0.1:5000/get_anime/1,0,0,1
1698973687621,1,HTTP Request,Non HTTP response code: org.apache.http.conn.HttpHostConnectException,Non HTTP response message: Connect to 127.0.0.1:5000 [/127.0.0.1] failed: Connection refused (Connection refused),Thread Group 1-56,text,false,,2637,0,1,1,http://127.0.0.1:5000/get_anime/1,0,0,1
1698973687631,1,HTTP Request,Non HTTP response code: org.apache.http.conn.HttpHostConnectException,Non HTTP response message: Connect to 127.0.0.1:5000 [/127.0.0.1] failed: Connection refused (Connection refused),Thread Group 1-57,text,false,,2637,0,1,1,http://127.0.0.1:5000/get_anime/1,0,0,1
1698973687641,1,HTTP Request,Non HTTP response code: org.apache.http.conn.HttpHostConnectException,Non HTTP response message: Connect to 127.0.0.1:5000 [/127.0.0.1] failed: Connection refused (Connection refused),Thread Group 1-58,text,false,,2637,0,1,1,http://127.0.0.1:5000/get_anime/1,0,0,1
1698973687652,0,HTTP Request,Non HTTP response code: org.apache.http.conn.HttpHostConnectException,Non HTTP response message: Connect to 127.0.0.1:5000 [/127.0.0.1] failed: Connection refused (Connection refused),Thread Group 1-59,text,false,,2637,0,1,1,http://127.0.0.1:5000/get_anime/1,0,0,0
1698973687662,1,HTTP Request,Non HTTP response code: org.apache.http.conn.HttpHostConnectException,Non HTTP response message: Connect to 127.0.0.1:5000 [/127.0.0.1] failed: Connection refused (Connection refused),Thread Group 1-60,text,false,,2637,0,1,1,http://127.0.0.1:5000/get_anime/1,0,0,1
1698973687673,1,HTTP Request,Non HTTP response code: org.apache.http.conn.HttpHostConnectException,Non HTTP response message: Connect to 127.0.0.1:5000 [/127.0.0.1] failed: Connection refused (Connection refused),Thread Group 1-61,text,false,,2637,0,1,1,http://127.0.0.1:5000/get_anime/1,0,0,0
1698973687682,1,HTTP Request,Non HTTP response code: org.apache.http.conn.HttpHostConnectException,Non HTTP response message: Connect to 127.0.0.1:5000 [/127.0.0.1] failed: Connection refused (Connection refused),Thread Group 1-62,text,false,,2637,0,1,1,http://127.0.0.1:5000/get_anime/1,0,0,1
1698973687692,0,HTTP Request,Non HTTP response code: org.apache.http.conn.HttpHostConnectException,Non HTTP response message: Connect to 127.0.0.1:5000 [/127.0.0.1] failed: Connection refused (Connection refused),Thread Group 1-63,text,false,,2637,0,1,1,http://127.0.0.1:5000/get_anime/1,0,0,0
1698973687702,0,HTTP Request,Non HTTP response code: org.apache.http.conn.HttpHostConnectException,Non HTTP response message: Connect to 127.0.0.1:5000 [/127.0.0.1] failed: Connection refused (Connection refused),Thread Group 1-64,text,false,,2637,0,1,1,http://127.0.0.1:5000/get_anime/1,0,0,0
1698973687712,0,HTTP Request,Non HTTP response code: org.apache.http.conn.HttpHostConnectException,Non HTTP response message: Connect to 127.0.0.1:5000 [/127.0.0.1] failed: Connection refused (Connection refused),Thread Group 1-65,text,false,,2637,0,1,1,http://127.0.0.1:5000/get_anime/1,0,0,0
1698973687721,1,HTTP Request,Non HTTP response code: org.apache.http.conn.HttpHostConnectException,Non HTTP response message: Connect to 127.0.0.1:5000 [/127.0.0.1] failed: Connection refused (Connection refused),Thread Group 1-66,text,false,,2637,0,1,1,http://127.0.0.1:5000/get_anime/1,0,0,1
1698973687733,0,HTTP Request,Non HTTP response code: org.apache.http.conn.HttpHostConnectException,Non HTTP response message: Connect to 127.0.0.1:5000 [/127.0.0.1] failed: Connection refused (Connection refused),Thread Group 1-67,text,false,,2637,0,1,1,http://127.0.0.1:5000/get_anime/1,0,0,0
1698973687742,0,HTTP Request,Non HTTP response code: org.apache.http.conn.HttpHostConnectException,Non HTTP response message: Connect to 127.0.0.1:5000 [/127.0.0.1] failed: Connection refused (Connection refused),Thread Group 1-68,text,false,,2637,0,1,1,http://127.0.0.1:5000/get_anime/1,0,0,0
1698973687752,1,HTTP Request,Non HTTP response code: org.apache.http.conn.HttpHostConnectException,Non HTTP response message: Connect to 127.0.0.1:5000 [/127.0.0.1] failed: Connection refused (Connection refused),Thread Group 1-69,text,false,,2637,0,1,1,http://127.0.0.1:5000/get_anime/1,0,0,0
1698973687762,1,HTTP Request,Non HTTP response code: org.apache.http.conn.HttpHostConnectException,Non HTTP response message: Connect to 127.0.0.1:5000 [/127.0.0.1] failed: Connection refused (Connection refused),Thread Group 1-70,text,false,,2637,0,1,1,http://127.0.0.1:5000/get_anime/1,0,0,1
1698973687772,0,HTTP Request,Non HTTP response code: org.apache.http.conn.HttpHostConnectException,Non HTTP response message: Connect to 127.0.0.1:5000 [/127.0.0.1] failed: Connection refused (Connection refused),Thread Group 1-71,text,false,,2637,0,1,1,http://127.0.0.1:5000/get_anime/1,0,0,0
1698973687782,1,HTTP Request,Non HTTP response code: org.apache.http.conn.HttpHostConnectException,Non HTTP response message: Connect to 127.0.0.1:5000 [/127.0.0.1] failed: Connection refused (Connection refused),Thread Group 1-72,text,false,,2637,0,1,1,http://127.0.0.1:5000/get_anime/1,0,0,1
1698973687792,0,HTTP Request,Non HTTP response code: org.apache.http.conn.HttpHostConnectException,Non HTTP response message: Connect to 127.0.0.1:5000 [/127.0.0.1] failed: Connection refused (Connection refused),Thread Group 1-73,text,false,,2637,0,1,1,http://127.0.0.1:5000/get_anime/1,0,0,0
1698973687801,1,HTTP Request,Non HTTP response code: org.apache.http.conn.HttpHostConnectException,Non HTTP response message: Connect to 127.0.0.1:5000 [/127.0.0.1] failed: Connection refused (Connection refused),Thread Group 1-74,text,false,,2637,0,1,1,http://127.0.0.1:5000/get_anime/1,0,0,1
1698973687811,1,HTTP Request,Non HTTP response code: org.apache.http.conn.HttpHostConnectException,Non HTTP response message: Connect to 127.0.0.1:5000 [/127.0.0.1] failed: Connection refused (Connection refused),Thread Group 1-75,text,false,,2637,0,1,1,http://127.0.0.1:5000/get_anime/1,0,0,1
1698973687821,1,HTTP Request,Non HTTP response code: org.apache.http.conn.HttpHostConnectException,Non HTTP response message: Connect to 127.0.0.1:5000 [/127.0.0.1] failed: Connection refused (Connection refused),Thread Group 1-76,text,false,,2637,0,1,1,http://127.0.0.1:5000/get_anime/1,0,0,1
1698973687831,1,HTTP Request,Non HTTP response code: org.apache.http.conn.HttpHostConnectException,Non HTTP response message: Connect to 127.0.0.1:5000 [/127.0.0.1] failed: Connection refused (Connection refused),Thread Group 1-77,text,false,,2637,0,1,1,http://127.0.0.1:5000/get_anime/1,0,0,1
1698973687841,1,HTTP Request,Non HTTP response code: org.apache.http.conn.HttpHostConnectException,Non HTTP response message: Connect to 127.0.0.1:5000 [/127.0.0.1] failed: Connection refused (Connection refused),Thread Group 1-78,text,false,,2637,0,1,1,http://127.0.0.1:5000/get_anime/1,0,0,1
1698973687851,1,HTTP Request,Non HTTP response code: org.apache.http.conn.HttpHostConnectException,Non HTTP response message: Connect to 127.0.0.1:5000 [/127.0.0.1] failed: Connection refused (Connection refused),Thread Group 1-79,text,false,,2637,0,1,1,http://127.0.0.1:5000/get_anime/1,0,0,1
1698973687861,1,HTTP Request,Non HTTP response code: org.apache.http.conn.HttpHostConnectException,Non HTTP response message: Connect to 127.0.0.1:5000 [/127.0.0.1] failed: Connection refused (Connection refused),Thread Group 1-80,text,false,,2637,0,1,1,http://127.0.0.1:5000/get_anime/1,0,0,1
1698973687872,1,HTTP Request,Non HTTP response code: org.apache.http.conn.HttpHostConnectException,Non HTTP response message: Connect to 127.0.0.1:5000 [/127.0.0.1] failed: Connection refused (Connection refused),Thread Group 1-81,text,false,,2637,0,1,1,http://127.0.0.1:5000/get_anime/1,0,0,1
1698973687881,1,HTTP Request,Non HTTP response code: org.apache.http.conn.HttpHostConnectException,Non HTTP response message: Connect to 127.0.0.1:5000 [/127.0.0.1] failed: Connection refused (Connection refused),Thread Group 1-82,text,false,,2637,0,1,1,http://127.0.0.1:5000/get_anime/1,0,0,1
1698973687892,0,HTTP Request,Non HTTP response code: org.apache.http.conn.HttpHostConnectException,Non HTTP response message: Connect to 127.0.0.1:5000 [/127.0.0.1] failed: Connection refused (Connection refused),Thread Group 1-83,text,false,,2637,0,1,1,http://127.0.0.1:5000/get_anime/1,0,0,0
1698973687902,1,HTTP Request,Non HTTP response code: org.apache.http.conn.HttpHostConnectException,Non HTTP response message: Connect to 127.0.0.1:5000 [/127.0.0.1] failed: Connection refused (Connection refused),Thread Group 1-84,text,false,,2637,0,1,1,http://127.0.0.1:5000/get_anime/1,0,0,1
1698973687912,0,HTTP Request,Non HTTP response code: org.apache.http.conn.HttpHostConnectException,Non HTTP response message: Connect to 127.0.0.1:5000 [/127.0.0.1] failed: Connection refused (Connection refused),Thread Group 1-85,text,false,,2637,0,1,1,http://127.0.0.1:5000/get_anime/1,0,0,0
1698973687922,1,HTTP Request,Non HTTP response code: org.apache.http.conn.HttpHostConnectException,Non HTTP response message: Connect to 127.0.0.1:5000 [/127.0.0.1] failed: Connection refused (Connection refused),Thread Group 1-86,text,false,,2637,0,1,1,http://127.0.0.1:5000/get_anime/1,0,0,1
1698973687932,1,HTTP Request,Non HTTP response code: org.apache.http.conn.HttpHostConnectException,Non HTTP response message: Connect to 127.0.0.1:5000 [/127.0.0.1] failed: Connection refused (Connection refused),Thread Group 1-87,text,false,,2637,0,1,1,http://127.0.0.1:5000/get_anime/1,0,0,1
1698973687942,0,HTTP Request,Non HTTP response code: org.apache.http.conn.HttpHostConnectException,Non HTTP response message: Connect to 127.0.0.1:5000 [/127.0.0.1] failed: Connection refused (Connection refused),Thread Group 1-88,text,false,,2637,0,1,1,http://127.0.0.1:5000/get_anime/1,0,0,0
1698973687952,0,HTTP Request,Non HTTP response code: org.apache.http.conn.HttpHostConnectException,Non HTTP response message: Connect to 127.0.0.1:5000 [/127.0.0.1] failed: Connection refused (Connection refused),Thread Group 1-89,text,false,,2637,0,1,1,http://127.0.0.1:5000/get_anime/1,0,0,0
1698973687962,0,HTTP Request,Non HTTP response code: org.apache.http.conn.HttpHostConnectException,Non HTTP response message: Connect to 127.0.0.1:5000 [/127.0.0.1] failed: Connection refused (Connection refused),Thread Group 1-90,text,false,,2637,0,1,1,http://127.0.0.1:5000/get_anime/1,0,0,0
1698973687971,1,HTTP Request,Non HTTP response code: org.apache.http.conn.HttpHostConnectException,Non HTTP response message: Connect to 127.0.0.1:5000 [/127.0.0.1] failed: Connection refused (Connection refused),Thread Group 1-91,text,false,,2637,0,1,1,http://127.0.0.1:5000/get_anime/1,0,0,1
1698973687981,1,HTTP Request,Non HTTP response code: org.apache.http.conn.HttpHostConnectException,Non HTTP response message: Connect to 127.0.0.1:5000 [/127.0.0.1] failed: Connection refused (Connection refused),Thread Group 1-92,text,false,,2637,0,1,1,http://127.0.0.1:5000/get_anime/1,0,0,1
1698973687991,0,HTTP Request,Non HTTP response code: org.apache.http.conn.HttpHostConnectException,Non HTTP response message: Connect to 127.0.0.1:5000 [/127.0.0.1] failed: Connection refused (Connection refused),Thread Group 1-93,text,false,,2637,0,1,1,http://127.0.0.1:5000/get_anime/1,0,0,0
1698973688001,1,HTTP Request,Non HTTP response code: org.apache.http.conn.HttpHostConnectException,Non HTTP response message: Connect to 127.0.0.1:5000 [/127.0.0.1] failed: Connection refused (Connection refused),Thread Group 1-94,text,false,,2637,0,1,1,http://127.0.0.1:5000/get_anime/1,0,0,1
1698973688011,1,HTTP Request,Non HTTP response code: org.apache.http.conn.HttpHostConnectException,Non HTTP response message: Connect to 127.0.0.1:5000 [/127.0.0.1] failed: Connection refused (Connection refused),Thread Group 1-95,text,false,,2637,0,1,1,http://127.0.0.1:5000/get_anime/1,0,0,1
1698973688021,1,HTTP Request,Non HTTP response code: org.apache.http.conn.HttpHostConnectException,Non HTTP response message: Connect to 127.0.0.1:5000 [/127.0.0.1] failed: Connection refused (Connection refused),Thread Group 1-96,text,false,,2637,0,1,1,http://127.0.0.1:5000/get_anime/1,0,0,1
1698973688031,1,HTTP Request,Non HTTP response code: org.apache.http.conn.HttpHostConnectException,Non HTTP response message: Connect to 127.0.0.1:5000 [/127.0.0.1] failed: Connection refused (Connection refused),Thread Group 1-97,text,false,,2637,0,1,1,http://127.0.0.1:5000/get_anime/1,0,0,1
1698973688041,1,HTTP Request,Non HTTP response code: org.apache.http.conn.HttpHostConnectException,Non HTTP response message: Connect to 127.0.0.1:5000 [/127.0.0.1] failed: Connection refused (Connection refused),Thread Group 1-98,text,false,,2637,0,1,1,http://127.0.0.1:5000/get_anime/1,0,0,1
1698973688052,0,HTTP Request,Non HTTP response code: org.apache.http.conn.HttpHostConnectException,Non HTTP response message: Connect to 127.0.0.1:5000 [/127.0.0.1] failed: Connection refused (Connection refused),Thread Group 1-99,text,false,,2637,0,1,1,http://127.0.0.1:5000/get_anime/1,0,0,0
1698973688062,0,HTTP Request,Non HTTP response code: org.apache.http.conn.HttpHostConnectException,Non HTTP response message: Connect to 127.0.0.1:5000 [/127.0.0.1] failed: Connection refused (Connection refused),Thread Group 1-100,text,false,,2637,0,1,1,http://127.0.0.1:5000/get_anime/1,0,0,0
